OrderID,OrderDate,ProductID,Quantity
10248,04/07/1996,11,12
10248,04/07/1996,42,10
10248,04/07/1996,72,5
10249,05/07/1996,14,9
10249,05/07/1996,51,40
10250,08/07/1996,41,10
10250,08/07/1996,51,35
10250,08/07/1996,65,15
10251,08/07/1996,22,6
10251,08/07/1996,57,15
10251,08/07/1996,65,20
10252,09/07/1996,20,40
10252,09/07/1996,33,25
10252,09/07/1996,60,40
10253,10/07/1996,31,20
10253,10/07/1996,39,42
10253,10/07/1996,49,40
10254,11/07/1996,24,15
10254,11/07/1996,55,21
10254,11/07/1996,74,21
10255,12/07/1996,2,20
10255,12/07/1996,16,35
10255,12/07/1996,36,25
10255,12/07/1996,59,30
10256,15/07/1996,53,15
10256,15/07/1996,77,12
10257,16/07/1996,27,25
10257,16/07/1996,39,6
10257,16/07/1996,77,15
10258,17/07/1996,2,50
10258,17/07/1996,5,65
10258,17/07/1996,32,6
10259,18/07/1996,21,10
10259,18/07/1996,37,1
10260,19/07/1996,41,16
10260,19/07/1996,57,50
10260,19/07/1996,62,15
10260,19/07/1996,70,21
10261,19/07/1996,21,20
10261,19/07/1996,35,20
10262,22/07/1996,5,12
10262,22/07/1996,7,15
10262,22/07/1996,56,2
10263,23/07/1996,16,60
10263,23/07/1996,24,28
10263,23/07/1996,30,60
10263,23/07/1996,74,36
10264,24/07/1996,2,35
10264,24/07/1996,41,25
10265,25/07/1996,17,30
10265,25/07/1996,70,20
10266,26/07/1996,12,12
10267,29/07/1996,40,50
10267,29/07/1996,59,70
10267,29/07/1996,76,15
10268,30/07/1996,29,10
10268,30/07/1996,72,4
10269,31/07/1996,33,60
10269,31/07/1996,72,20
10270,01/08/1996,36,30
10270,01/08/1996,43,25
10271,01/08/1996,33,24
10272,02/08/1996,20,6
10272,02/08/1996,31,40
10272,02/08/1996,72,24
10273,05/08/1996,10,24
10273,05/08/1996,31,15
10273,05/08/1996,33,20
10273,05/08/1996,40,60
10273,05/08/1996,76,33
10274,06/08/1996,71,20
10274,06/08/1996,72,7
10275,07/08/1996,24,12
10275,07/08/1996,59,6
10276,08/08/1996,10,15
10276,08/08/1996,13,10
10277,09/08/1996,28,20
10277,09/08/1996,62,12
10278,12/08/1996,44,16
10278,12/08/1996,59,15
10278,12/08/1996,63,8
10278,12/08/1996,73,25
10279,13/08/1996,17,15
10280,14/08/1996,24,12
10280,14/08/1996,55,20
10280,14/08/1996,75,30
10281,14/08/1996,19,1
10281,14/08/1996,24,6
10281,14/08/1996,35,4
10282,15/08/1996,30,6
10282,15/08/1996,57,2
10283,16/08/1996,15,20
10283,16/08/1996,19,18
10283,16/08/1996,60,35
10283,16/08/1996,72,3
10284,19/08/1996,27,15
10284,19/08/1996,44,21
10284,19/08/1996,60,20
10284,19/08/1996,67,5
10285,20/08/1996,1,45
10285,20/08/1996,40,40
10285,20/08/1996,53,36
10286,21/08/1996,35,100
10286,21/08/1996,62,40
10287,22/08/1996,16,40
10287,22/08/1996,34,20
10287,22/08/1996,46,15
10288,23/08/1996,54,10
10288,23/08/1996,68,3
10289,26/08/1996,3,30
10289,26/08/1996,64,9
10290,27/08/1996,5,20
10290,27/08/1996,29,15
10290,27/08/1996,49,15
10290,27/08/1996,77,10
10291,27/08/1996,13,20
10291,27/08/1996,44,24
10291,27/08/1996,51,2
10292,28/08/1996,20,20
10293,29/08/1996,18,12
10293,29/08/1996,24,10
10293,29/08/1996,63,5
10293,29/08/1996,75,6
10294,30/08/1996,1,18
10294,30/08/1996,17,15
10294,30/08/1996,43,15
10294,30/08/1996,60,21
10294,30/08/1996,75,6
10295,02/09/1996,56,4
10296,03/09/1996,11,12
10296,03/09/1996,16,30
10296,03/09/1996,69,15
10297,04/09/1996,39,60
10297,04/09/1996,72,20
10298,05/09/1996,2,40
10298,05/09/1996,36,40
10298,05/09/1996,59,30
10298,05/09/1996,62,15
10299,06/09/1996,19,15
10299,06/09/1996,70,20
10300,09/09/1996,66,30
10300,09/09/1996,68,20
10301,09/09/1996,40,10
10301,09/09/1996,56,20
10302,10/09/1996,17,40
10302,10/09/1996,28,28
10302,10/09/1996,43,12
10303,11/09/1996,40,40
10303,11/09/1996,65,30
10303,11/09/1996,68,15
10304,12/09/1996,49,30
10304,12/09/1996,59,10
10304,12/09/1996,71,2
10305,13/09/1996,18,25
10305,13/09/1996,29,25
10305,13/09/1996,39,30
10306,16/09/1996,30,10
10306,16/09/1996,53,10
10306,16/09/1996,54,5
10307,17/09/1996,62,10
10307,17/09/1996,68,3
10308,18/09/1996,69,1
10308,18/09/1996,70,5
10309,19/09/1996,4,20
10309,19/09/1996,6,30
10309,19/09/1996,42,2
10309,19/09/1996,43,20
10309,19/09/1996,71,3
10310,20/09/1996,16,10
10310,20/09/1996,62,5
10311,20/09/1996,42,6
10311,20/09/1996,69,7
10312,23/09/1996,28,4
10312,23/09/1996,43,24
10312,23/09/1996,53,20
10312,23/09/1996,75,10
10313,24/09/1996,36,12
10314,25/09/1996,32,40
10314,25/09/1996,58,30
10314,25/09/1996,62,25
10315,26/09/1996,34,14
10315,26/09/1996,70,30
10316,27/09/1996,41,10
10316,27/09/1996,62,70
10317,30/09/1996,1,20
10318,01/10/1996,41,20
10318,01/10/1996,76,6
10319,02/10/1996,17,8
10319,02/10/1996,28,14
10319,02/10/1996,76,30
10320,03/10/1996,71,30
10321,03/10/1996,35,10
10322,04/10/1996,52,20
10323,07/10/1996,15,5
10323,07/10/1996,25,4
10323,07/10/1996,39,4
10324,08/10/1996,16,21
10324,08/10/1996,35,70
10324,08/10/1996,46,30
10324,08/10/1996,59,40
10324,08/10/1996,63,80
10325,09/10/1996,6,6
10325,09/10/1996,13,12
10325,09/10/1996,14,9
10325,09/10/1996,31,4
10325,09/10/1996,72,40
10326,10/10/1996,4,24
10326,10/10/1996,57,16
10326,10/10/1996,75,50
10327,11/10/1996,2,25
10327,11/10/1996,11,50
10327,11/10/1996,30,35
10327,11/10/1996,58,30
10328,14/10/1996,59,9
10328,14/10/1996,65,40
10328,14/10/1996,68,10
10329,15/10/1996,19,10
10329,15/10/1996,30,8
10329,15/10/1996,38,20
10329,15/10/1996,56,12
10330,16/10/1996,26,50
10330,16/10/1996,72,25
10331,16/10/1996,54,15
10332,17/10/1996,18,40
10332,17/10/1996,42,10
10332,17/10/1996,47,16
10333,18/10/1996,14,10
10333,18/10/1996,21,10
10333,18/10/1996,71,40
10334,21/10/1996,52,8
10334,21/10/1996,68,10
10335,22/10/1996,2,7
10335,22/10/1996,31,25
10335,22/10/1996,32,6
10335,22/10/1996,51,48
10336,23/10/1996,4,18
10337,24/10/1996,23,40
10337,24/10/1996,26,24
10337,24/10/1996,36,20
10337,24/10/1996,37,28
10337,24/10/1996,72,25
10338,25/10/1996,17,20
10338,25/10/1996,30,15
10339,28/10/1996,4,10
10339,28/10/1996,17,70
10339,28/10/1996,62,28
10340,29/10/1996,18,20
10340,29/10/1996,41,12
10340,29/10/1996,43,40
10341,29/10/1996,33,8
10341,29/10/1996,59,9
10342,30/10/1996,2,24
10342,30/10/1996,31,56
10342,30/10/1996,36,40
10342,30/10/1996,55,40
10343,31/10/1996,64,50
10343,31/10/1996,68,4
10343,31/10/1996,76,15
10344,01/11/1996,4,35
10344,01/11/1996,8,70
10345,04/11/1996,8,70
10345,04/11/1996,19,80
10345,04/11/1996,42,9
10346,05/11/1996,17,36
10346,05/11/1996,56,20
10347,06/11/1996,25,10
10347,06/11/1996,39,50
10347,06/11/1996,40,4
10347,06/11/1996,75,6
10348,07/11/1996,1,15
10348,07/11/1996,23,25
10349,08/11/1996,54,24
10350,11/11/1996,50,15
10350,11/11/1996,69,18
10351,11/11/1996,38,20
10351,11/11/1996,41,13
10351,11/11/1996,44,77
10351,11/11/1996,65,10
10352,12/11/1996,24,10
10352,12/11/1996,54,20
10353,13/11/1996,11,12
10353,13/11/1996,38,50
10354,14/11/1996,1,12
10354,14/11/1996,29,4
10355,15/11/1996,24,25
10355,15/11/1996,57,25
10356,18/11/1996,31,30
10356,18/11/1996,55,12
10356,18/11/1996,69,20
10357,19/11/1996,10,30
10357,19/11/1996,26,16
10357,19/11/1996,60,8
10358,20/11/1996,24,10
10358,20/11/1996,34,10
10358,20/11/1996,36,20
10359,21/11/1996,16,56
10359,21/11/1996,31,70
10359,21/11/1996,60,80
10360,22/11/1996,28,30
10360,22/11/1996,29,35
10360,22/11/1996,38,10
10360,22/11/1996,49,35
10360,22/11/1996,54,28
10361,22/11/1996,39,54
10361,22/11/1996,60,55
10362,25/11/1996,25,50
10362,25/11/1996,51,20
10362,25/11/1996,54,24
10363,26/11/1996,31,20
10363,26/11/1996,75,12
10363,26/11/1996,76,12
10364,26/11/1996,69,30
10364,26/11/1996,71,5
10365,27/11/1996,11,24
10366,28/11/1996,65,5
10366,28/11/1996,77,5
10367,28/11/1996,34,36
10367,28/11/1996,54,18
10367,28/11/1996,65,15
10367,28/11/1996,77,7
10368,29/11/1996,21,5
10368,29/11/1996,28,13
10368,29/11/1996,57,25
10368,29/11/1996,64,35
10369,02/12/1996,29,20
10369,02/12/1996,56,18
10370,03/12/1996,1,15
10370,03/12/1996,64,30
10370,03/12/1996,74,20
10371,03/12/1996,36,6
10372,04/12/1996,20,12
10372,04/12/1996,38,40
10372,04/12/1996,60,70
10372,04/12/1996,72,42
10373,05/12/1996,58,80
10373,05/12/1996,71,50
10374,05/12/1996,31,30
10374,05/12/1996,58,15
10375,06/12/1996,14,15
10375,06/12/1996,54,10
10376,09/12/1996,31,42
10377,09/12/1996,28,20
10377,09/12/1996,39,20
10378,10/12/1996,71,6
10379,11/12/1996,41,8
10379,11/12/1996,63,16
10379,11/12/1996,65,20
10380,12/12/1996,30,18
10380,12/12/1996,53,20
10380,12/12/1996,60,6
10380,12/12/1996,70,30
10381,12/12/1996,74,14
10382,13/12/1996,5,32
10382,13/12/1996,18,9
10382,13/12/1996,29,14
10382,13/12/1996,33,60
10382,13/12/1996,74,50
10383,16/12/1996,13,20
10383,16/12/1996,50,15
10383,16/12/1996,56,20
10384,16/12/1996,20,28
10384,16/12/1996,60,15
10385,17/12/1996,7,10
10385,17/12/1996,60,20
10385,17/12/1996,68,8
10386,18/12/1996,24,15
10386,18/12/1996,34,10
10387,18/12/1996,24,15
10387,18/12/1996,28,6
10387,18/12/1996,59,12
10387,18/12/1996,71,15
10388,19/12/1996,45,15
10388,19/12/1996,52,20
10388,19/12/1996,53,40
10389,20/12/1996,10,16
10389,20/12/1996,55,15
10389,20/12/1996,62,20
10389,20/12/1996,70,30
10390,23/12/1996,31,60
10390,23/12/1996,35,40
10390,23/12/1996,46,45
10390,23/12/1996,72,24
10391,23/12/1996,13,18
10392,24/12/1996,69,50
10393,25/12/1996,2,25
10393,25/12/1996,14,42
10393,25/12/1996,25,7
10393,25/12/1996,26,70
10393,25/12/1996,31,32
10394,25/12/1996,13,10
10394,25/12/1996,62,10
10395,26/12/1996,46,28
10395,26/12/1996,53,70
10395,26/12/1996,69,8
10396,27/12/1996,23,40
10396,27/12/1996,71,60
10396,27/12/1996,72,21
10397,27/12/1996,21,10
10397,27/12/1996,51,18
10398,30/12/1996,35,30
10398,30/12/1996,55,120
10399,31/12/1996,68,60
10399,31/12/1996,71,30
10399,31/12/1996,76,35
10399,31/12/1996,77,14
10400,01/01/1997,29,21
10400,01/01/1997,35,35
10400,01/01/1997,49,30
10401,01/01/1997,30,18
10401,01/01/1997,56,70
10401,01/01/1997,65,20
10401,01/01/1997,71,60
10402,02/01/1997,23,60
10402,02/01/1997,63,65
10403,03/01/1997,16,21
10403,03/01/1997,48,70
10404,03/01/1997,26,30
10404,03/01/1997,42,40
10404,03/01/1997,49,30
10405,06/01/1997,3,50
10406,07/01/1997,1,10
10406,07/01/1997,21,30
10406,07/01/1997,28,42
10406,07/01/1997,36,5
10406,07/01/1997,40,2
10407,07/01/1997,11,30
10407,07/01/1997,69,15
10407,07/01/1997,71,15
10408,08/01/1997,37,10
10408,08/01/1997,54,6
10408,08/01/1997,62,35
10409,09/01/1997,14,12
10409,09/01/1997,21,12
10410,10/01/1997,33,49
10410,10/01/1997,59,16
10411,10/01/1997,41,25
10411,10/01/1997,44,40
10411,10/01/1997,59,9
10412,13/01/1997,14,20
10413,14/01/1997,1,24
10413,14/01/1997,62,40
10413,14/01/1997,76,14
10414,14/01/1997,19,18
10414,14/01/1997,33,50
10415,15/01/1997,17,2
10415,15/01/1997,33,20
10416,16/01/1997,19,20
10416,16/01/1997,53,10
10416,16/01/1997,57,20
10417,16/01/1997,38,50
10417,16/01/1997,46,2
10417,16/01/1997,68,36
10417,16/01/1997,77,35
10418,17/01/1997,2,60
10418,17/01/1997,47,55
10418,17/01/1997,61,16
10418,17/01/1997,74,15
10419,20/01/1997,60,60
10419,20/01/1997,69,20
10420,21/01/1997,9,20
10420,21/01/1997,13,2
10420,21/01/1997,70,8
10420,21/01/1997,73,20
10421,21/01/1997,19,4
10421,21/01/1997,26,30
10421,21/01/1997,53,15
10421,21/01/1997,77,10
10422,22/01/1997,26,2
10423,23/01/1997,31,14
10423,23/01/1997,59,20
10424,23/01/1997,35,60
10424,23/01/1997,38,49
10424,23/01/1997,68,30
10425,24/01/1997,55,10
10425,24/01/1997,76,20
10426,27/01/1997,56,5
10426,27/01/1997,64,7
10427,27/01/1997,14,35
10428,28/01/1997,46,20
10429,29/01/1997,50,40
10429,29/01/1997,63,35
10430,30/01/1997,17,45
10430,30/01/1997,21,50
10430,30/01/1997,56,30
10430,30/01/1997,59,70
10431,30/01/1997,17,50
10431,30/01/1997,40,50
10431,30/01/1997,47,30
10432,31/01/1997,26,10
10432,31/01/1997,54,40
10433,03/02/1997,56,28
10434,03/02/1997,11,6
10434,03/02/1997,76,18
10435,04/02/1997,2,10
10435,04/02/1997,22,12
10435,04/02/1997,72,10
10436,05/02/1997,46,5
10436,05/02/1997,56,40
10436,05/02/1997,64,30
10436,05/02/1997,75,24
10437,05/02/1997,53,15
10438,06/02/1997,19,15
10438,06/02/1997,34,20
10438,06/02/1997,57,15
10439,07/02/1997,12,15
10439,07/02/1997,16,16
10439,07/02/1997,64,6
10439,07/02/1997,74,30
10440,10/02/1997,2,45
10440,10/02/1997,16,49
10440,10/02/1997,29,24
10440,10/02/1997,61,90
10441,10/02/1997,27,50
10442,11/02/1997,11,30
10442,11/02/1997,54,80
10442,11/02/1997,66,60
10443,12/02/1997,11,6
10443,12/02/1997,28,12
10444,12/02/1997,17,10
10444,12/02/1997,26,15
10444,12/02/1997,35,8
10444,12/02/1997,41,30
10445,13/02/1997,39,6
10445,13/02/1997,54,15
10446,14/02/1997,19,12
10446,14/02/1997,24,20
10446,14/02/1997,31,3
10446,14/02/1997,52,15
10447,14/02/1997,19,40
10447,14/02/1997,65,35
10447,14/02/1997,71,2
10448,17/02/1997,26,6
10448,17/02/1997,40,20
10449,18/02/1997,10,14
10449,18/02/1997,52,20
10449,18/02/1997,62,35
10450,19/02/1997,10,20
10450,19/02/1997,54,6
10451,19/02/1997,55,120
10451,19/02/1997,64,35
10451,19/02/1997,65,28
10451,19/02/1997,77,55
10452,20/02/1997,28,15
10452,20/02/1997,44,100
10453,21/02/1997,48,15
10453,21/02/1997,70,25
10454,21/02/1997,16,20
10454,21/02/1997,33,20
10454,21/02/1997,46,10
10455,24/02/1997,39,20
10455,24/02/1997,53,50
10455,24/02/1997,61,25
10455,24/02/1997,71,30
10456,25/02/1997,21,40
10456,25/02/1997,49,21
10457,25/02/1997,59,36
10458,26/02/1997,26,30
10458,26/02/1997,28,30
10458,26/02/1997,43,20
10458,26/02/1997,56,15
10458,26/02/1997,71,50
10459,27/02/1997,7,16
10459,27/02/1997,46,20
10459,27/02/1997,72,40
10460,28/02/1997,68,21
10460,28/02/1997,75,4
10461,28/02/1997,21,40
10461,28/02/1997,30,28
10461,28/02/1997,55,60
10462,03/03/1997,13,1
10462,03/03/1997,23,21
10463,04/03/1997,19,21
10463,04/03/1997,42,50
10464,04/03/1997,4,16
10464,04/03/1997,43,3
10464,04/03/1997,56,30
10464,04/03/1997,60,20
10465,05/03/1997,24,25
10465,05/03/1997,29,18
10465,05/03/1997,40,20
10465,05/03/1997,45,30
10465,05/03/1997,50,25
10466,06/03/1997,11,10
10466,06/03/1997,46,5
10467,06/03/1997,24,28
10467,06/03/1997,25,12
10468,07/03/1997,30,8
10468,07/03/1997,43,15
10469,10/03/1997,2,40
10469,10/03/1997,16,35
10469,10/03/1997,44,2
10470,11/03/1997,18,30
10470,11/03/1997,23,15
10470,11/03/1997,64,8
10471,11/03/1997,7,30
10471,11/03/1997,56,20
10472,12/03/1997,24,80
10472,12/03/1997,51,18
10473,13/03/1997,33,12
10473,13/03/1997,71,12
10474,13/03/1997,14,12
10474,13/03/1997,28,18
10474,13/03/1997,40,21
10474,13/03/1997,75,10
10475,14/03/1997,31,35
10475,14/03/1997,66,60
10475,14/03/1997,76,42
10476,17/03/1997,55,2
10476,17/03/1997,70,12
10477,17/03/1997,1,15
10477,17/03/1997,21,21
10477,17/03/1997,39,20
10478,18/03/1997,10,20
10479,19/03/1997,38,30
10479,19/03/1997,53,28
10479,19/03/1997,59,60
10479,19/03/1997,64,30
10480,20/03/1997,47,30
10480,20/03/1997,59,12
10481,20/03/1997,49,24
10481,20/03/1997,60,40
10482,21/03/1997,40,10
10483,24/03/1997,34,35
10483,24/03/1997,77,30
10484,24/03/1997,21,14
10484,24/03/1997,40,10
10484,24/03/1997,51,3
10485,25/03/1997,2,20
10485,25/03/1997,3,20
10485,25/03/1997,55,30
10485,25/03/1997,70,60
10486,26/03/1997,11,5
10486,26/03/1997,51,25
10486,26/03/1997,74,16
10487,26/03/1997,19,5
10487,26/03/1997,26,30
10487,26/03/1997,54,24
10488,27/03/1997,59,30
10488,27/03/1997,73,20
10489,28/03/1997,11,15
10489,28/03/1997,16,18
10490,31/03/1997,59,60
10490,31/03/1997,68,30
10490,31/03/1997,75,36
10491,31/03/1997,44,15
10491,31/03/1997,77,7
10492,01/04/1997,25,60
10492,01/04/1997,42,20
10493,02/04/1997,65,15
10493,02/04/1997,66,10
10493,02/04/1997,69,10
10494,02/04/1997,56,30
10495,03/04/1997,23,10
10495,03/04/1997,41,20
10495,03/04/1997,77,5
10496,04/04/1997,31,20
10497,04/04/1997,56,14
10497,04/04/1997,72,25
10497,04/04/1997,77,25
10498,07/04/1997,24,14
10498,07/04/1997,40,5
10498,07/04/1997,42,30
10499,08/04/1997,28,20
10499,08/04/1997,49,25
10500,09/04/1997,15,12
10500,09/04/1997,28,8
10501,09/04/1997,54,20
10502,10/04/1997,45,21
10502,10/04/1997,53,6
10502,10/04/1997,67,30
10503,11/04/1997,14,70
10503,11/04/1997,65,20
10504,11/04/1997,2,12
10504,11/04/1997,21,12
10504,11/04/1997,53,10
10504,11/04/1997,61,25
10505,14/04/1997,62,3
10506,15/04/1997,25,18
10506,15/04/1997,70,14
10507,15/04/1997,43,15
10507,15/04/1997,48,15
10508,16/04/1997,13,10
10508,16/04/1997,39,10
10509,17/04/1997,28,3
10510,18/04/1997,29,36
10510,18/04/1997,75,36
10511,18/04/1997,4,50
10511,18/04/1997,7,50
10511,18/04/1997,8,10
10512,21/04/1997,24,10
10512,21/04/1997,46,9
10512,21/04/1997,47,6
10512,21/04/1997,60,12
10513,22/04/1997,21,40
10513,22/04/1997,32,50
10513,22/04/1997,61,15
10514,22/04/1997,20,39
10514,22/04/1997,28,35
10514,22/04/1997,56,70
10514,22/04/1997,65,39
10514,22/04/1997,75,50
10515,23/04/1997,9,16
10515,23/04/1997,16,50
10515,23/04/1997,27,120
10515,23/04/1997,33,16
10515,23/04/1997,60,84
10516,24/04/1997,18,25
10516,24/04/1997,41,80
10516,24/04/1997,42,20
10517,24/04/1997,52,6
10517,24/04/1997,59,4
10517,24/04/1997,70,6
10518,25/04/1997,24,5
10518,25/04/1997,38,15
10518,25/04/1997,44,9
10519,28/04/1997,10,16
10519,28/04/1997,56,40
10519,28/04/1997,60,10
10520,29/04/1997,24,8
10520,29/04/1997,53,5
10521,29/04/1997,35,3
10521,29/04/1997,41,10
10521,29/04/1997,68,6
10522,30/04/1997,1,40
10522,30/04/1997,8,24
10522,30/04/1997,30,20
10522,30/04/1997,40,25
10523,01/05/1997,17,25
10523,01/05/1997,20,15
10523,01/05/1997,37,18
10523,01/05/1997,41,6
10524,01/05/1997,10,2
10524,01/05/1997,30,10
10524,01/05/1997,43,60
10524,01/05/1997,54,15
10525,02/05/1997,36,30
10525,02/05/1997,40,15
10526,05/05/1997,1,8
10526,05/05/1997,13,10
10526,05/05/1997,56,30
10527,05/05/1997,4,50
10527,05/05/1997,36,30
10528,06/05/1997,11,3
10528,06/05/1997,33,8
10528,06/05/1997,72,9
10529,07/05/1997,55,14
10529,07/05/1997,68,20
10529,07/05/1997,69,10
10530,08/05/1997,17,40
10530,08/05/1997,43,25
10530,08/05/1997,61,20
10530,08/05/1997,76,50
10531,08/05/1997,59,2
10532,09/05/1997,30,15
10532,09/05/1997,66,24
10533,12/05/1997,4,50
10533,12/05/1997,72,24
10533,12/05/1997,73,24
10534,12/05/1997,30,10
10534,12/05/1997,40,10
10534,12/05/1997,54,10
10535,13/05/1997,11,50
10535,13/05/1997,40,10
10535,13/05/1997,57,5
10535,13/05/1997,59,15
10536,14/05/1997,12,15
10536,14/05/1997,31,20
10536,14/05/1997,33,30
10536,14/05/1997,60,35
10537,14/05/1997,31,30
10537,14/05/1997,51,6
10537,14/05/1997,58,20
10537,14/05/1997,72,21
10537,14/05/1997,73,9
10538,15/05/1997,70,7
10538,15/05/1997,72,1
10539,16/05/1997,13,8
10539,16/05/1997,21,15
10539,16/05/1997,33,15
10539,16/05/1997,49,6
10540,19/05/1997,3,60
10540,19/05/1997,26,40
10540,19/05/1997,38,30
10540,19/05/1997,68,35
10541,19/05/1997,24,35
10541,19/05/1997,38,4
10541,19/05/1997,65,36
10541,19/05/1997,71,9
10542,20/05/1997,11,15
10542,20/05/1997,54,24
10543,21/05/1997,12,30
10543,21/05/1997,23,70
10544,21/05/1997,28,7
10544,21/05/1997,67,7
10545,22/05/1997,11,10
10546,23/05/1997,7,10
10546,23/05/1997,35,30
10546,23/05/1997,62,40
10547,23/05/1997,32,24
10547,23/05/1997,36,60
10548,26/05/1997,34,10
10548,26/05/1997,41,14
10549,27/05/1997,31,55
10549,27/05/1997,45,100
10549,27/05/1997,51,48
10550,28/05/1997,17,8
10550,28/05/1997,19,10
10550,28/05/1997,21,6
10550,28/05/1997,61,10
10551,28/05/1997,16,40
10551,28/05/1997,35,20
10551,28/05/1997,44,40
10552,29/05/1997,69,18
10552,29/05/1997,75,30
10553,30/05/1997,11,15
10553,30/05/1997,16,14
10553,30/05/1997,22,24
10553,30/05/1997,31,30
10553,30/05/1997,35,6
10554,30/05/1997,16,30
10554,30/05/1997,23,20
10554,30/05/1997,62,20
10554,30/05/1997,77,10
10555,02/06/1997,14,30
10555,02/06/1997,19,35
10555,02/06/1997,24,18
10555,02/06/1997,51,20
10555,02/06/1997,56,40
10556,03/06/1997,72,24
10557,03/06/1997,64,30
10557,03/06/1997,75,20
10558,04/06/1997,47,25
10558,04/06/1997,51,20
10558,04/06/1997,52,30
10558,04/06/1997,53,18
10558,04/06/1997,73,3
10559,05/06/1997,41,12
10559,05/06/1997,55,18
10560,06/06/1997,30,20
10560,06/06/1997,62,15
10561,06/06/1997,44,10
10561,06/06/1997,51,50
10562,09/06/1997,33,20
10562,09/06/1997,62,10
10563,10/06/1997,36,25
10563,10/06/1997,52,70
10564,10/06/1997,17,16
10564,10/06/1997,31,6
10564,10/06/1997,55,25
10565,11/06/1997,24,25
10565,11/06/1997,64,18
10566,12/06/1997,11,35
10566,12/06/1997,18,18
10566,12/06/1997,76,10
10567,12/06/1997,31,60
10567,12/06/1997,51,3
10567,12/06/1997,59,40
10568,13/06/1997,10,5
10569,16/06/1997,31,35
10569,16/06/1997,76,30
10570,17/06/1997,11,15
10570,17/06/1997,56,60
10571,17/06/1997,14,11
10571,17/06/1997,42,28
10572,18/06/1997,16,12
10572,18/06/1997,32,10
10572,18/06/1997,40,50
10572,18/06/1997,75,15
10573,19/06/1997,17,18
10573,19/06/1997,34,40
10573,19/06/1997,53,25
10574,19/06/1997,33,14
10574,19/06/1997,40,2
10574,19/06/1997,62,10
10574,19/06/1997,64,6
10575,20/06/1997,59,12
10575,20/06/1997,63,6
10575,20/06/1997,72,30
10575,20/06/1997,76,10
10576,23/06/1997,1,10
10576,23/06/1997,31,20
10576,23/06/1997,44,21
10577,23/06/1997,39,10
10577,23/06/1997,75,20
10577,23/06/1997,77,18
10578,24/06/1997,35,20
10578,24/06/1997,57,6
10579,25/06/1997,15,10
10579,25/06/1997,75,21
10580,26/06/1997,14,15
10580,26/06/1997,41,9
10580,26/06/1997,65,30
10581,26/06/1997,75,50
10582,27/06/1997,57,4
10582,27/06/1997,76,14
10583,30/06/1997,29,10
10583,30/06/1997,60,24
10583,30/06/1997,69,10
10584,30/06/1997,31,50
10585,01/07/1997,47,15
10586,02/07/1997,52,4
10587,02/07/1997,26,6
10587,02/07/1997,35,20
10587,02/07/1997,77,20
10588,03/07/1997,18,40
10588,03/07/1997,42,100
10589,04/07/1997,35,4
10590,07/07/1997,1,20
10590,07/07/1997,77,60
10591,07/07/1997,3,14
10591,07/07/1997,7,10
10591,07/07/1997,54,50
10592,08/07/1997,15,25
10592,08/07/1997,26,5
10593,09/07/1997,20,21
10593,09/07/1997,69,20
10593,09/07/1997,76,4
10594,09/07/1997,52,24
10594,09/07/1997,58,30
10595,10/07/1997,35,30
10595,10/07/1997,61,120
10595,10/07/1997,69,65
10596,11/07/1997,56,5
10596,11/07/1997,63,24
10596,11/07/1997,75,30
10597,11/07/1997,24,35
10597,11/07/1997,57,20
10597,11/07/1997,65,12
10598,14/07/1997,27,50
10598,14/07/1997,71,9
10599,15/07/1997,62,10
10600,16/07/1997,54,4
10600,16/07/1997,73,30
10601,16/07/1997,13,60
10601,16/07/1997,59,35
10602,17/07/1997,77,5
10603,18/07/1997,22,48
10603,18/07/1997,49,25
10604,18/07/1997,48,6
10604,18/07/1997,76,10
10605,21/07/1997,16,30
10605,21/07/1997,59,20
10605,21/07/1997,60,70
10605,21/07/1997,71,15
10606,22/07/1997,4,20
10606,22/07/1997,55,20
10606,22/07/1997,62,10
10607,22/07/1997,7,45
10607,22/07/1997,17,100
10607,22/07/1997,33,14
10607,22/07/1997,40,42
10607,22/07/1997,72,12
10608,23/07/1997,56,28
10609,24/07/1997,1,3
10609,24/07/1997,10,10
10609,24/07/1997,21,6
10610,25/07/1997,36,21
10611,25/07/1997,1,6
10611,25/07/1997,2,10
10611,25/07/1997,60,15
10612,28/07/1997,10,70
10612,28/07/1997,36,55
10612,28/07/1997,49,18
10612,28/07/1997,60,40
10612,28/07/1997,76,80
10613,29/07/1997,13,8
10613,29/07/1997,75,40
10614,29/07/1997,11,14
10614,29/07/1997,21,8
10614,29/07/1997,39,5
10615,30/07/1997,55,5
10616,31/07/1997,38,15
10616,31/07/1997,56,14
10616,31/07/1997,70,15
10616,31/07/1997,71,15
10617,31/07/1997,59,30
10618,01/08/1997,6,70
10618,01/08/1997,56,20
10618,01/08/1997,68,15
10619,04/08/1997,21,42
10619,04/08/1997,22,40
10620,05/08/1997,24,5
10620,05/08/1997,52,5
10621,05/08/1997,19,5
10621,05/08/1997,23,10
10621,05/08/1997,70,20
10621,05/08/1997,71,15
10622,06/08/1997,2,20
10622,06/08/1997,68,18
10623,07/08/1997,14,21
10623,07/08/1997,19,15
10623,07/08/1997,21,25
10623,07/08/1997,24,3
10623,07/08/1997,35,30
10624,07/08/1997,28,10
10624,07/08/1997,29,6
10624,07/08/1997,44,10
10625,08/08/1997,14,3
10625,08/08/1997,42,5
10625,08/08/1997,60,10
10626,11/08/1997,53,12
10626,11/08/1997,60,20
10626,11/08/1997,71,20
10627,11/08/1997,62,15
10627,11/08/1997,73,35
10628,12/08/1997,1,25
10629,12/08/1997,29,20
10629,12/08/1997,64,9
10630,13/08/1997,55,12
10630,13/08/1997,76,35
10631,14/08/1997,75,8
10632,14/08/1997,2,30
10632,14/08/1997,33,20
10633,15/08/1997,12,36
10633,15/08/1997,13,13
10633,15/08/1997,26,35
10633,15/08/1997,62,80
10634,15/08/1997,7,35
10634,15/08/1997,18,50
10634,15/08/1997,51,15
10634,15/08/1997,75,2
10635,18/08/1997,4,10
10635,18/08/1997,5,15
10635,18/08/1997,22,40
10636,19/08/1997,4,25
10636,19/08/1997,58,6
10637,19/08/1997,11,10
10637,19/08/1997,50,25
10637,19/08/1997,56,60
10638,20/08/1997,45,20
10638,20/08/1997,65,21
10638,20/08/1997,72,60
10639,20/08/1997,18,8
10640,21/08/1997,69,20
10640,21/08/1997,70,15
10641,22/08/1997,2,50
10641,22/08/1997,40,60
10642,22/08/1997,21,30
10642,22/08/1997,61,20
10643,25/08/1997,28,15
10643,25/08/1997,39,21
10643,25/08/1997,46,2
10644,25/08/1997,18,4
10644,25/08/1997,43,20
10644,25/08/1997,46,21
10645,26/08/1997,18,20
10645,26/08/1997,36,15
10646,27/08/1997,1,15
10646,27/08/1997,10,18
10646,27/08/1997,71,30
10646,27/08/1997,77,35
10647,27/08/1997,19,30
10647,27/08/1997,39,20
10648,28/08/1997,22,15
10648,28/08/1997,24,15
10649,28/08/1997,28,20
10649,28/08/1997,72,15
10650,29/08/1997,30,30
10650,29/08/1997,53,25
10650,29/08/1997,54,30
10651,01/09/1997,19,12
10651,01/09/1997,22,20
10652,01/09/1997,30,2
10652,01/09/1997,42,20
10653,02/09/1997,16,30
10653,02/09/1997,60,20
10654,02/09/1997,4,12
10654,02/09/1997,39,20
10654,02/09/1997,54,6
10655,03/09/1997,41,20
10656,04/09/1997,14,3
10656,04/09/1997,44,28
10656,04/09/1997,47,6
10657,04/09/1997,15,50
10657,04/09/1997,41,24
10657,04/09/1997,46,45
10657,04/09/1997,47,10
10657,04/09/1997,56,45
10657,04/09/1997,60,30
10658,05/09/1997,21,60
10658,05/09/1997,40,70
10658,05/09/1997,60,55
10658,05/09/1997,77,70
10659,05/09/1997,31,20
10659,05/09/1997,40,24
10659,05/09/1997,70,40
10660,08/09/1997,20,21
10661,09/09/1997,39,3
10661,09/09/1997,58,49
10662,09/09/1997,68,10
10663,10/09/1997,40,30
10663,10/09/1997,42,30
10663,10/09/1997,51,20
10664,10/09/1997,10,24
10664,10/09/1997,56,12
10664,10/09/1997,65,15
10665,11/09/1997,51,20
10665,11/09/1997,59,1
10665,11/09/1997,76,10
10666,12/09/1997,29,36
10666,12/09/1997,65,10
10667,12/09/1997,69,45
10667,12/09/1997,71,14
10668,15/09/1997,31,8
10668,15/09/1997,55,4
10668,15/09/1997,64,15
10669,15/09/1997,36,30
10670,16/09/1997,23,32
10670,16/09/1997,46,60
10670,16/09/1997,67,25
10670,16/09/1997,73,50
10670,16/09/1997,75,25
10671,17/09/1997,16,10
10671,17/09/1997,62,10
10671,17/09/1997,65,12
10672,17/09/1997,38,15
10672,17/09/1997,71,12
10673,18/09/1997,16,3
10673,18/09/1997,42,6
10673,18/09/1997,43,6
10674,18/09/1997,23,5
10675,19/09/1997,14,30
10675,19/09/1997,53,10
10675,19/09/1997,58,30
10676,22/09/1997,10,2
10676,22/09/1997,19,7
10676,22/09/1997,44,21
10677,22/09/1997,26,30
10677,22/09/1997,33,8
10678,23/09/1997,12,100
10678,23/09/1997,33,30
10678,23/09/1997,41,120
10678,23/09/1997,54,30
10679,23/09/1997,59,12
10680,24/09/1997,16,50
10680,24/09/1997,31,20
10680,24/09/1997,42,40
10681,25/09/1997,19,30
10681,25/09/1997,21,12
10681,25/09/1997,64,28
10682,25/09/1997,33,30
10682,25/09/1997,66,4
10682,25/09/1997,75,30
10683,26/09/1997,52,9
10684,26/09/1997,40,20
10684,26/09/1997,47,40
10684,26/09/1997,60,30
10685,29/09/1997,10,20
10685,29/09/1997,41,4
10685,29/09/1997,47,15
10686,30/09/1997,17,30
10686,30/09/1997,26,15
10687,30/09/1997,9,50
10687,30/09/1997,29,10
10687,30/09/1997,36,6
10688,01/10/1997,10,18
10688,01/10/1997,28,60
10688,01/10/1997,34,14
10689,01/10/1997,1,35
10690,02/10/1997,56,20
10690,02/10/1997,77,30
10691,03/10/1997,1,30
10691,03/10/1997,29,40
10691,03/10/1997,43,40
10691,03/10/1997,44,24
10691,03/10/1997,62,48
10692,03/10/1997,63,20
10693,06/10/1997,9,6
10693,06/10/1997,54,60
10693,06/10/1997,69,30
10693,06/10/1997,73,15
10694,06/10/1997,7,90
10694,06/10/1997,59,25
10694,06/10/1997,70,50
10695,07/10/1997,8,10
10695,07/10/1997,12,4
10695,07/10/1997,24,20
10696,08/10/1997,17,20
10696,08/10/1997,46,18
10697,08/10/1997,19,7
10697,08/10/1997,35,9
10697,08/10/1997,58,30
10697,08/10/1997,70,30
10698,09/10/1997,11,15
10698,09/10/1997,17,8
10698,09/10/1997,29,12
10698,09/10/1997,65,65
10698,09/10/1997,70,8
10699,09/10/1997,47,12
10700,10/10/1997,1,5
10700,10/10/1997,34,12
10700,10/10/1997,68,40
10700,10/10/1997,71,60
10701,13/10/1997,59,42
10701,13/10/1997,71,20
10701,13/10/1997,76,35
10702,13/10/1997,3,6
10702,13/10/1997,76,15
10703,14/10/1997,2,5
10703,14/10/1997,59,35
10703,14/10/1997,73,35
10704,14/10/1997,4,6
10704,14/10/1997,24,35
10704,14/10/1997,48,24
10705,15/10/1997,31,20
10705,15/10/1997,32,4
10706,16/10/1997,16,20
10706,16/10/1997,43,24
10706,16/10/1997,59,8
10707,16/10/1997,55,21
10707,16/10/1997,57,40
10707,16/10/1997,70,28
10708,17/10/1997,5,4
10708,17/10/1997,36,5
10709,17/10/1997,8,40
10709,17/10/1997,51,28
10709,17/10/1997,60,10
10710,20/10/1997,19,5
10710,20/10/1997,47,5
10711,21/10/1997,19,12
10711,21/10/1997,41,42
10711,21/10/1997,53,120
10712,21/10/1997,53,3
10712,21/10/1997,56,30
10713,22/10/1997,10,18
10713,22/10/1997,26,30
10713,22/10/1997,45,110
10713,22/10/1997,46,24
10714,22/10/1997,2,30
10714,22/10/1997,17,27
10714,22/10/1997,47,50
10714,22/10/1997,56,18
10714,22/10/1997,58,12
10715,23/10/1997,10,21
10715,23/10/1997,71,30
10716,24/10/1997,21,5
10716,24/10/1997,51,7
10716,24/10/1997,61,10
10717,24/10/1997,21,32
10717,24/10/1997,54,15
10717,24/10/1997,69,25
10718,27/10/1997,12,36
10718,27/10/1997,16,20
10718,27/10/1997,36,40
10718,27/10/1997,62,20
10719,27/10/1997,18,12
10719,27/10/1997,30,3
10719,27/10/1997,54,40
10720,28/10/1997,35,21
10720,28/10/1997,71,8
10721,29/10/1997,44,50
10722,29/10/1997,2,3
10722,29/10/1997,31,50
10722,29/10/1997,68,45
10722,29/10/1997,75,42
10723,30/10/1997,26,15
10724,30/10/1997,10,16
10724,30/10/1997,61,5
10725,31/10/1997,41,12
10725,31/10/1997,52,4
10725,31/10/1997,55,6
10726,03/11/1997,4,25
10726,03/11/1997,11,5
10727,03/11/1997,17,20
10727,03/11/1997,56,10
10727,03/11/1997,59,10
10728,04/11/1997,30,15
10728,04/11/1997,40,6
10728,04/11/1997,55,12
10728,04/11/1997,60,15
10729,04/11/1997,1,50
10729,04/11/1997,21,30
10729,04/11/1997,50,40
10730,05/11/1997,16,15
10730,05/11/1997,31,3
10730,05/11/1997,65,10
10731,06/11/1997,21,40
10731,06/11/1997,51,30
10732,06/11/1997,76,20
10733,07/11/1997,14,16
10733,07/11/1997,28,20
10733,07/11/1997,52,25
10734,07/11/1997,6,30
10734,07/11/1997,30,15
10734,07/11/1997,76,20
10735,10/11/1997,61,20
10735,10/11/1997,77,2
10736,11/11/1997,65,40
10736,11/11/1997,75,20
10737,11/11/1997,13,4
10737,11/11/1997,41,12
10738,12/11/1997,16,3
10739,12/11/1997,36,6
10739,12/11/1997,52,18
10740,13/11/1997,28,5
10740,13/11/1997,35,35
10740,13/11/1997,45,40
10740,13/11/1997,56,14
10741,14/11/1997,2,15
10742,14/11/1997,3,20
10742,14/11/1997,60,50
10742,14/11/1997,72,35
10743,17/11/1997,46,28
10744,17/11/1997,40,50
10745,18/11/1997,18,24
10745,18/11/1997,44,16
10745,18/11/1997,59,45
10745,18/11/1997,72,7
10746,19/11/1997,13,6
10746,19/11/1997,42,28
10746,19/11/1997,62,9
10746,19/11/1997,69,40
10747,19/11/1997,31,8
10747,19/11/1997,41,35
10747,19/11/1997,63,9
10747,19/11/1997,69,30
10748,20/11/1997,23,44
10748,20/11/1997,40,40
10748,20/11/1997,56,28
10749,20/11/1997,56,15
10749,20/11/1997,59,6
10749,20/11/1997,76,10
10750,21/11/1997,14,5
10750,21/11/1997,45,40
10750,21/11/1997,59,25
10751,24/11/1997,26,12
10751,24/11/1997,30,30
10751,24/11/1997,50,20
10751,24/11/1997,73,15
10752,24/11/1997,1,8
10752,24/11/1997,69,3
10753,25/11/1997,45,4
10753,25/11/1997,74,5
10754,25/11/1997,40,3
10755,26/11/1997,47,30
10755,26/11/1997,56,30
10755,26/11/1997,57,14
10755,26/11/1997,69,25
10756,27/11/1997,18,21
10756,27/11/1997,36,20
10756,27/11/1997,68,6
10756,27/11/1997,69,20
10757,27/11/1997,34,30
10757,27/11/1997,59,7
10757,27/11/1997,62,30
10757,27/11/1997,64,24
10758,28/11/1997,26,20
10758,28/11/1997,52,60
10758,28/11/1997,70,40
10759,28/11/1997,32,10
10760,01/12/1997,25,12
10760,01/12/1997,27,40
10760,01/12/1997,43,30
10761,02/12/1997,25,35
10761,02/12/1997,75,18
10762,02/12/1997,39,16
10762,02/12/1997,47,30
10762,02/12/1997,51,28
10762,02/12/1997,56,60
10763,03/12/1997,21,40
10763,03/12/1997,22,6
10763,03/12/1997,24,20
10764,03/12/1997,3,20
10764,03/12/1997,39,130
10765,04/12/1997,65,80
10766,05/12/1997,2,40
10766,05/12/1997,7,35
10766,05/12/1997,68,40
10767,05/12/1997,42,2
10768,08/12/1997,22,4
10768,08/12/1997,31,50
10768,08/12/1997,60,15
10768,08/12/1997,71,12
10769,08/12/1997,41,30
10769,08/12/1997,52,15
10769,08/12/1997,61,20
10769,08/12/1997,62,15
10770,09/12/1997,11,15
10771,10/12/1997,71,16
10772,10/12/1997,29,18
10772,10/12/1997,59,25
10773,11/12/1997,17,33
10773,11/12/1997,31,70
10773,11/12/1997,75,7
10774,11/12/1997,31,2
10774,11/12/1997,66,50
10775,12/12/1997,10,6
10775,12/12/1997,67,3
10776,15/12/1997,31,16
10776,15/12/1997,42,12
10776,15/12/1997,45,27
10776,15/12/1997,51,120
10777,15/12/1997,42,20
10778,16/12/1997,41,10
10779,16/12/1997,16,20
10779,16/12/1997,62,20
10780,16/12/1997,70,35
10780,16/12/1997,77,15
10781,17/12/1997,54,3
10781,17/12/1997,56,20
10781,17/12/1997,74,35
10782,17/12/1997,31,1
10783,18/12/1997,31,10
10783,18/12/1997,38,5
10784,18/12/1997,36,30
10784,18/12/1997,39,2
10784,18/12/1997,72,30
10785,18/12/1997,10,10
10785,18/12/1997,75,10
10786,19/12/1997,8,30
10786,19/12/1997,30,15
10786,19/12/1997,75,42
10787,19/12/1997,2,15
10787,19/12/1997,29,20
10788,22/12/1997,19,50
10788,22/12/1997,75,40
10789,22/12/1997,18,30
10789,22/12/1997,35,15
10789,22/12/1997,63,30
10789,22/12/1997,68,18
10790,22/12/1997,7,3
10790,22/12/1997,56,20
10791,23/12/1997,29,14
10791,23/12/1997,41,20
10792,23/12/1997,2,10
10792,23/12/1997,54,3
10792,23/12/1997,68,15
10793,24/12/1997,41,14
10793,24/12/1997,52,8
10794,24/12/1997,14,15
10794,24/12/1997,54,6
10795,24/12/1997,16,65
10795,24/12/1997,17,35
10796,25/12/1997,26,21
10796,25/12/1997,44,10
10796,25/12/1997,64,35
10796,25/12/1997,69,24
10797,25/12/1997,11,20
10798,26/12/1997,62,2
10798,26/12/1997,72,10
10799,26/12/1997,13,20
10799,26/12/1997,24,20
10799,26/12/1997,59,25
10800,26/12/1997,11,50
10800,26/12/1997,51,10
10800,26/12/1997,54,7
10801,29/12/1997,17,40
10801,29/12/1997,29,20
10802,29/12/1997,30,25
10802,29/12/1997,51,30
10802,29/12/1997,55,60
10802,29/12/1997,62,5
10803,30/12/1997,19,24
10803,30/12/1997,25,15
10803,30/12/1997,59,15
10804,30/12/1997,10,36
10804,30/12/1997,28,24
10804,30/12/1997,49,4
10805,30/12/1997,34,10
10805,30/12/1997,38,10
10806,31/12/1997,2,20
10806,31/12/1997,65,2
10806,31/12/1997,74,15
10807,31/12/1997,40,1
10808,01/01/1998,56,20
10808,01/01/1998,76,50
10809,01/01/1998,52,20
10810,01/01/1998,13,7
10810,01/01/1998,25,5
10810,01/01/1998,70,5
10811,02/01/1998,19,15
10811,02/01/1998,23,18
10811,02/01/1998,40,30
10812,02/01/1998,31,16
10812,02/01/1998,72,40
10812,02/01/1998,77,20
10813,05/01/1998,2,12
10813,05/01/1998,46,35
10814,05/01/1998,41,20
10814,05/01/1998,43,20
10814,05/01/1998,48,8
10814,05/01/1998,61,30
10815,05/01/1998,33,16
10816,06/01/1998,38,30
10816,06/01/1998,62,20
10817,06/01/1998,26,40
10817,06/01/1998,38,30
10817,06/01/1998,40,60
10817,06/01/1998,62,25
10818,07/01/1998,32,20
10818,07/01/1998,41,20
10819,07/01/1998,43,7
10819,07/01/1998,75,20
10820,07/01/1998,56,30
10821,08/01/1998,35,20
10821,08/01/1998,51,6
10822,08/01/1998,62,3
10822,08/01/1998,70,6
10823,09/01/1998,11,20
10823,09/01/1998,57,15
10823,09/01/1998,59,40
10823,09/01/1998,77,15
10824,09/01/1998,41,12
10824,09/01/1998,70,9
10825,09/01/1998,26,12
10825,09/01/1998,53,20
10826,12/01/1998,31,35
10826,12/01/1998,57,15
10827,12/01/1998,10,15
10827,12/01/1998,39,21
10828,13/01/1998,20,5
10828,13/01/1998,38,2
10829,13/01/1998,2,10
10829,13/01/1998,8,20
10829,13/01/1998,13,10
10829,13/01/1998,60,21
10830,13/01/1998,6,6
10830,13/01/1998,39,28
10830,13/01/1998,60,30
10830,13/01/1998,68,24
10831,14/01/1998,19,2
10831,14/01/1998,35,8
10831,14/01/1998,38,8
10831,14/01/1998,43,9
10832,14/01/1998,13,3
10832,14/01/1998,25,10
10832,14/01/1998,44,16
10832,14/01/1998,64,3
10833,15/01/1998,7,20
10833,15/01/1998,31,9
10833,15/01/1998,53,9
10834,15/01/1998,29,8
10834,15/01/1998,30,20
10835,15/01/1998,59,15
10835,15/01/1998,77,2
10836,16/01/1998,22,52
10836,16/01/1998,35,6
10836,16/01/1998,57,24
10836,16/01/1998,60,60
10836,16/01/1998,64,30
10837,16/01/1998,13,6
10837,16/01/1998,40,25
10837,16/01/1998,47,40
10837,16/01/1998,76,21
10838,19/01/1998,1,4
10838,19/01/1998,18,25
10838,19/01/1998,36,50
10839,19/01/1998,58,30
10839,19/01/1998,72,15
10840,19/01/1998,25,6
10840,19/01/1998,39,10
10841,20/01/1998,10,16
10841,20/01/1998,56,30
10841,20/01/1998,59,50
10841,20/01/1998,77,15
10842,20/01/1998,11,15
10842,20/01/1998,43,5
10842,20/01/1998,68,20
10842,20/01/1998,70,12
10843,21/01/1998,51,4
10844,21/01/1998,22,35
10845,21/01/1998,23,70
10845,21/01/1998,35,25
10845,21/01/1998,42,42
10845,21/01/1998,58,60
10845,21/01/1998,64,48
10846,22/01/1998,4,21
10846,22/01/1998,70,30
10846,22/01/1998,74,20
10847,22/01/1998,1,80
10847,22/01/1998,19,12
10847,22/01/1998,37,60
10847,22/01/1998,45,36
10847,22/01/1998,60,45
10847,22/01/1998,71,55
10848,23/01/1998,5,30
10848,23/01/1998,9,3
10849,23/01/1998,3,49
10849,23/01/1998,26,18
10850,23/01/1998,25,20
10850,23/01/1998,33,4
10850,23/01/1998,70,30
10851,26/01/1998,2,5
10851,26/01/1998,25,10
10851,26/01/1998,57,10
10851,26/01/1998,59,42
10852,26/01/1998,2,15
10852,26/01/1998,17,6
10852,26/01/1998,62,50
10853,27/01/1998,18,10
10854,27/01/1998,10,100
10854,27/01/1998,13,65
10855,27/01/1998,16,50
10855,27/01/1998,31,14
10855,27/01/1998,56,24
10855,27/01/1998,65,15
10856,28/01/1998,2,20
10856,28/01/1998,42,20
10857,28/01/1998,3,30
10857,28/01/1998,26,35
10857,28/01/1998,29,10
10858,29/01/1998,7,5
10858,29/01/1998,27,10
10858,29/01/1998,70,4
10859,29/01/1998,24,40
10859,29/01/1998,54,35
10859,29/01/1998,64,30
10860,29/01/1998,51,3
10860,29/01/1998,76,20
10861,30/01/1998,17,42
10861,30/01/1998,18,20
10861,30/01/1998,21,40
10861,30/01/1998,33,35
10861,30/01/1998,62,3
10862,30/01/1998,11,25
10862,30/01/1998,52,8
10863,02/02/1998,1,20
10863,02/02/1998,58,12
10864,02/02/1998,35,4
10864,02/02/1998,67,15
10865,02/02/1998,38,60
10865,02/02/1998,39,80
10866,03/02/1998,2,21
10866,03/02/1998,24,6
10866,03/02/1998,30,40
10867,03/02/1998,53,3
10868,04/02/1998,26,20
10868,04/02/1998,35,30
10868,04/02/1998,49,42
10869,04/02/1998,1,40
10869,04/02/1998,11,10
10869,04/02/1998,23,50
10869,04/02/1998,68,20
10870,04/02/1998,35,3
10870,04/02/1998,51,2
10871,05/02/1998,6,50
10871,05/02/1998,16,12
10871,05/02/1998,17,16
10872,05/02/1998,55,10
10872,05/02/1998,62,20
10872,05/02/1998,64,15
10872,05/02/1998,65,21
10873,06/02/1998,21,20
10873,06/02/1998,28,3
10874,06/02/1998,10,10
10875,06/02/1998,19,25
10875,06/02/1998,47,21
10875,06/02/1998,49,15
10876,09/02/1998,46,21
10876,09/02/1998,64,20
10877,09/02/1998,16,30
10877,09/02/1998,18,25
10878,10/02/1998,20,20
10879,10/02/1998,40,12
10879,10/02/1998,65,10
10879,10/02/1998,76,10
10880,10/02/1998,23,30
10880,10/02/1998,61,30
10880,10/02/1998,70,50
10881,11/02/1998,73,10
10882,11/02/1998,42,25
10882,11/02/1998,49,20
10882,11/02/1998,54,32
10883,12/02/1998,24,8
10884,12/02/1998,21,40
10884,12/02/1998,56,21
10884,12/02/1998,65,12
10885,12/02/1998,2,20
10885,12/02/1998,24,12
10885,12/02/1998,70,30
10885,12/02/1998,77,25
10886,13/02/1998,10,70
10886,13/02/1998,31,35
10886,13/02/1998,77,40
10887,13/02/1998,25,5
10888,16/02/1998,2,20
10888,16/02/1998,68,18
10889,16/02/1998,11,40
10889,16/02/1998,38,40
10890,16/02/1998,17,15
10890,16/02/1998,34,10
10890,16/02/1998,41,14
10891,17/02/1998,30,15
10892,17/02/1998,59,40
10893,18/02/1998,8,30
10893,18/02/1998,24,10
10893,18/02/1998,29,24
10893,18/02/1998,30,35
10893,18/02/1998,36,20
10894,18/02/1998,13,28
10894,18/02/1998,69,50
10894,18/02/1998,75,120
10895,18/02/1998,24,110
10895,18/02/1998,39,45
10895,18/02/1998,40,91
10895,18/02/1998,60,100
10896,19/02/1998,45,15
10896,19/02/1998,56,16
10897,19/02/1998,29,80
10897,19/02/1998,30,36
10898,20/02/1998,13,5
10899,20/02/1998,39,8
10900,20/02/1998,70,3
10901,23/02/1998,41,30
10901,23/02/1998,71,30
10902,23/02/1998,55,30
10902,23/02/1998,62,6
10903,24/02/1998,13,40
10903,24/02/1998,65,21
10903,24/02/1998,68,20
10904,24/02/1998,58,15
10904,24/02/1998,62,35
10905,24/02/1998,1,20
10906,25/02/1998,61,15
10907,25/02/1998,75,14
10908,26/02/1998,7,20
10908,26/02/1998,52,14
10909,26/02/1998,7,12
10909,26/02/1998,16,15
10909,26/02/1998,41,5
10910,26/02/1998,19,12
10910,26/02/1998,49,10
10910,26/02/1998,61,5
10911,26/02/1998,1,10
10911,26/02/1998,17,12
10911,26/02/1998,67,15
10912,26/02/1998,11,40
10912,26/02/1998,29,60
10913,26/02/1998,4,30
10913,26/02/1998,33,40
10913,26/02/1998,58,15
10914,27/02/1998,71,25
10915,27/02/1998,17,10
10915,27/02/1998,33,30
10915,27/02/1998,54,10
10916,27/02/1998,16,6
10916,27/02/1998,32,6
10916,27/02/1998,57,20
10917,02/03/1998,30,1
10917,02/03/1998,60,10
10918,02/03/1998,1,60
10918,02/03/1998,60,25
10919,02/03/1998,16,24
10919,02/03/1998,25,24
10919,02/03/1998,40,20
10920,03/03/1998,50,24
10921,03/03/1998,35,10
10921,03/03/1998,63,40
10922,03/03/1998,17,15
10922,03/03/1998,24,35
10923,03/03/1998,42,10
10923,03/03/1998,43,10
10923,03/03/1998,67,24
10924,04/03/1998,10,20
10924,04/03/1998,28,30
10924,04/03/1998,75,6
10925,04/03/1998,36,25
10925,04/03/1998,52,12
10926,04/03/1998,11,2
10926,04/03/1998,13,10
10926,04/03/1998,19,7
10926,04/03/1998,72,10
10927,05/03/1998,20,5
10927,05/03/1998,52,5
10927,05/03/1998,76,20
10928,05/03/1998,47,5
10928,05/03/1998,76,5
10929,05/03/1998,21,60
10929,05/03/1998,75,49
10929,05/03/1998,77,15
10930,06/03/1998,21,36
10930,06/03/1998,27,25
10930,06/03/1998,55,25
10930,06/03/1998,58,30
10931,06/03/1998,13,42
10931,06/03/1998,57,30
10932,06/03/1998,16,30
10932,06/03/1998,62,14
10932,06/03/1998,72,16
10932,06/03/1998,75,20
10933,06/03/1998,53,2
10933,06/03/1998,61,30
10934,09/03/1998,6,20
10935,09/03/1998,1,21
10935,09/03/1998,18,4
10935,09/03/1998,23,8
10936,09/03/1998,36,30
10937,10/03/1998,28,8
10937,10/03/1998,34,20
10938,10/03/1998,13,20
10938,10/03/1998,43,24
10938,10/03/1998,60,49
10938,10/03/1998,71,35
10939,10/03/1998,2,10
10939,10/03/1998,67,40
10940,11/03/1998,7,8
10940,11/03/1998,13,20
10941,11/03/1998,31,44
10941,11/03/1998,62,30
10941,11/03/1998,68,80
10941,11/03/1998,72,50
10942,11/03/1998,49,28
10943,11/03/1998,13,15
10943,11/03/1998,22,21
10943,11/03/1998,46,15
10944,12/03/1998,11,5
10944,12/03/1998,44,18
10944,12/03/1998,56,18
10945,12/03/1998,13,20
10945,12/03/1998,31,10
10946,12/03/1998,10,25
10946,12/03/1998,24,25
10946,12/03/1998,77,40
10947,13/03/1998,59,4
10948,13/03/1998,50,9
10948,13/03/1998,51,40
10948,13/03/1998,55,4
10949,13/03/1998,6,12
10949,13/03/1998,10,30
10949,13/03/1998,17,6
10949,13/03/1998,62,60
10950,16/03/1998,4,5
10951,16/03/1998,33,15
10951,16/03/1998,41,6
10951,16/03/1998,75,50
10952,16/03/1998,6,16
10952,16/03/1998,28,2
10953,16/03/1998,20,50
10953,16/03/1998,31,50
10954,17/03/1998,16,28
10954,17/03/1998,31,25
10954,17/03/1998,45,30
10954,17/03/1998,60,24
10955,17/03/1998,75,12
10956,17/03/1998,21,12
10956,17/03/1998,47,14
10956,17/03/1998,51,8
10957,18/03/1998,30,30
10957,18/03/1998,35,40
10957,18/03/1998,64,8
10958,18/03/1998,5,20
10958,18/03/1998,7,6
10958,18/03/1998,72,5
10959,18/03/1998,75,20
10960,19/03/1998,24,10
10960,19/03/1998,41,24
10961,19/03/1998,52,6
10961,19/03/1998,76,60
10962,19/03/1998,7,45
10962,19/03/1998,13,77
10962,19/03/1998,53,20
10962,19/03/1998,69,9
10962,19/03/1998,76,44
10963,19/03/1998,60,2
10964,20/03/1998,18,6
10964,20/03/1998,38,5
10964,20/03/1998,69,10
10965,20/03/1998,51,16
10966,20/03/1998,37,8
10966,20/03/1998,56,12
10966,20/03/1998,62,12
10967,23/03/1998,19,12
10967,23/03/1998,49,40
10968,23/03/1998,12,30
10968,23/03/1998,24,30
10968,23/03/1998,64,4
10969,23/03/1998,46,9
10970,24/03/1998,52,40
10971,24/03/1998,29,14
10972,24/03/1998,17,6
10972,24/03/1998,33,7
10973,24/03/1998,26,5
10973,24/03/1998,41,6
10973,24/03/1998,75,10
10974,25/03/1998,63,10
10975,25/03/1998,8,16
10975,25/03/1998,75,10
10976,25/03/1998,28,20
10977,26/03/1998,39,30
10977,26/03/1998,47,30
10977,26/03/1998,51,10
10977,26/03/1998,63,20
10978,26/03/1998,8,20
10978,26/03/1998,21,40
10978,26/03/1998,40,10
10978,26/03/1998,44,6
10979,26/03/1998,7,18
10979,26/03/1998,12,20
10979,26/03/1998,24,80
10979,26/03/1998,27,30
10979,26/03/1998,31,24
10979,26/03/1998,63,35
10980,27/03/1998,75,40
10981,27/03/1998,38,60
10982,27/03/1998,7,20
10982,27/03/1998,43,9
10983,27/03/1998,13,84
10983,27/03/1998,57,15
10984,30/03/1998,16,55
10984,30/03/1998,24,20
10984,30/03/1998,36,40
10985,30/03/1998,16,36
10985,30/03/1998,18,8
10985,30/03/1998,32,35
10986,30/03/1998,11,30
10986,30/03/1998,20,15
10986,30/03/1998,76,10
10986,30/03/1998,77,15
10987,31/03/1998,7,60
10987,31/03/1998,43,6
10987,31/03/1998,72,20
10988,31/03/1998,7,60
10988,31/03/1998,62,40
10989,31/03/1998,6,40
10989,31/03/1998,11,15
10989,31/03/1998,41,4
10990,01/04/1998,21,65
10990,01/04/1998,34,60
10990,01/04/1998,55,65
10990,01/04/1998,61,66
10991,01/04/1998,2,50
10991,01/04/1998,70,20
10991,01/04/1998,76,90
10992,01/04/1998,72,2
10993,01/04/1998,29,50
10993,01/04/1998,41,35
10994,02/04/1998,59,18
10995,02/04/1998,51,20
10995,02/04/1998,60,4
10996,02/04/1998,42,40
10997,03/04/1998,32,50
10997,03/04/1998,46,20
10997,03/04/1998,52,20
10998,03/04/1998,24,12
10998,03/04/1998,61,7
10998,03/04/1998,74,20
10998,03/04/1998,75,30
10999,03/04/1998,41,20
10999,03/04/1998,51,15
10999,03/04/1998,77,21
11000,06/04/1998,4,25
11000,06/04/1998,24,30
11000,06/04/1998,77,30
11001,06/04/1998,7,60
11001,06/04/1998,22,25
11001,06/04/1998,46,25
11001,06/04/1998,55,6
11002,06/04/1998,13,56
11002,06/04/1998,35,15
11002,06/04/1998,42,24
11002,06/04/1998,55,40
11003,06/04/1998,1,4
11003,06/04/1998,40,10
11003,06/04/1998,52,10
11004,07/04/1998,26,6
11004,07/04/1998,76,6
11005,07/04/1998,1,2
11005,07/04/1998,59,10
11006,07/04/1998,1,8
11006,07/04/1998,29,2
11007,08/04/1998,8,30
11007,08/04/1998,29,10
11007,08/04/1998,42,14
11008,08/04/1998,28,70
11008,08/04/1998,34,90
11008,08/04/1998,71,21
11009,08/04/1998,24,12
11009,08/04/1998,36,18
11009,08/04/1998,60,9
11010,09/04/1998,7,20
11010,09/04/1998,24,10
11011,09/04/1998,58,40
11011,09/04/1998,71,20
11012,09/04/1998,19,50
11012,09/04/1998,60,36
11012,09/04/1998,71,60
11013,09/04/1998,23,10
11013,09/04/1998,42,4
11013,09/04/1998,45,20
11013,09/04/1998,68,2
11014,10/04/1998,41,28
11015,10/04/1998,30,15
11015,10/04/1998,77,18
11016,10/04/1998,31,15
11016,10/04/1998,36,16
11017,13/04/1998,3,25
11017,13/04/1998,59,110
11017,13/04/1998,70,30
11018,13/04/1998,12,20
11018,13/04/1998,18,10
11018,13/04/1998,56,5
11019,13/04/1998,46,3
11019,13/04/1998,49,2
11020,14/04/1998,10,24
11021,14/04/1998,2,11
11021,14/04/1998,20,15
11021,14/04/1998,26,63
11021,14/04/1998,51,44
11021,14/04/1998,72,35
11022,14/04/1998,19,35
11022,14/04/1998,69,30
11023,14/04/1998,7,4
11023,14/04/1998,43,30
11024,15/04/1998,26,12
11024,15/04/1998,33,30
11024,15/04/1998,65,21
11024,15/04/1998,71,50
11025,15/04/1998,1,10
11025,15/04/1998,13,20
11026,15/04/1998,18,8
11026,15/04/1998,51,10
11027,16/04/1998,24,30
11027,16/04/1998,62,21
11028,16/04/1998,55,35
11028,16/04/1998,59,24
11029,16/04/1998,56,20
11029,16/04/1998,63,12
11030,17/04/1998,2,100
11030,17/04/1998,5,70
11030,17/04/1998,29,60
11030,17/04/1998,59,100
11031,17/04/1998,1,45
11031,17/04/1998,13,80
11031,17/04/1998,24,21
11031,17/04/1998,64,20
11031,17/04/1998,71,16
11032,17/04/1998,36,35
11032,17/04/1998,38,25
11032,17/04/1998,59,30
11033,17/04/1998,53,70
11033,17/04/1998,69,36
11034,20/04/1998,21,15
11034,20/04/1998,44,12
11034,20/04/1998,61,6
11035,20/04/1998,1,10
11035,20/04/1998,35,60
11035,20/04/1998,42,30
11035,20/04/1998,54,10
11036,20/04/1998,13,7
11036,20/04/1998,59,30
11037,21/04/1998,70,4
11038,21/04/1998,40,5
11038,21/04/1998,52,2
11038,21/04/1998,71,30
11039,21/04/1998,28,20
11039,21/04/1998,35,24
11039,21/04/1998,49,60
11039,21/04/1998,57,28
11040,22/04/1998,21,20
11041,22/04/1998,2,30
11041,22/04/1998,63,30
11042,22/04/1998,44,15
11042,22/04/1998,61,4
11043,22/04/1998,11,10
11044,23/04/1998,62,12
11045,23/04/1998,33,15
11045,23/04/1998,51,24
11046,23/04/1998,12,20
11046,23/04/1998,32,15
11046,23/04/1998,35,18
11047,24/04/1998,1,25
11047,24/04/1998,5,30
11048,24/04/1998,68,42
11049,24/04/1998,2,10
11049,24/04/1998,12,4
11050,27/04/1998,76,50
11051,27/04/1998,24,10
11052,27/04/1998,43,30
11052,27/04/1998,61,10
11053,27/04/1998,18,35
11053,27/04/1998,32,20
11053,27/04/1998,64,25
11054,28/04/1998,33,10
11054,28/04/1998,67,20
11055,28/04/1998,24,15
11055,28/04/1998,25,15
11055,28/04/1998,51,20
11055,28/04/1998,57,20
11056,28/04/1998,7,40
11056,28/04/1998,55,35
11056,28/04/1998,60,50
11057,29/04/1998,70,3
11058,29/04/1998,21,3
11058,29/04/1998,60,21
11058,29/04/1998,61,4
11059,29/04/1998,13,30
11059,29/04/1998,17,12
11059,29/04/1998,60,35
11060,30/04/1998,60,4
11060,30/04/1998,77,10
11061,30/04/1998,60,15
11062,30/04/1998,53,10
11062,30/04/1998,70,12
11063,30/04/1998,34,30
11063,30/04/1998,40,40
11063,30/04/1998,41,30
11064,01/05/1998,17,77
11064,01/05/1998,41,12
11064,01/05/1998,53,25
11064,01/05/1998,55,4
11064,01/05/1998,68,55
11065,01/05/1998,30,4
11065,01/05/1998,54,20
11066,01/05/1998,16,3
11066,01/05/1998,19,42
11066,01/05/1998,34,35
11067,04/05/1998,41,9
11068,04/05/1998,28,8
11068,04/05/1998,43,36
11068,04/05/1998,77,28
11069,04/05/1998,39,20
11070,05/05/1998,1,40
11070,05/05/1998,2,20
11070,05/05/1998,16,30
11070,05/05/1998,31,20
11071,05/05/1998,7,15
11071,05/05/1998,13,10
11072,05/05/1998,2,8
11072,05/05/1998,41,40
11072,05/05/1998,50,22
11072,05/05/1998,64,130
11073,05/05/1998,11,10
11073,05/05/1998,24,20
11074,06/05/1998,16,14
11075,06/05/1998,2,10
11075,06/05/1998,46,30
11075,06/05/1998,76,2
11076,06/05/1998,6,20
11076,06/05/1998,14,20
11076,06/05/1998,19,10
11077,06/05/1998,2,24
11077,06/05/1998,3,4
11077,06/05/1998,4,1
11077,06/05/1998,6,1
11077,06/05/1998,7,1
11077,06/05/1998,8,2
11077,06/05/1998,10,1
11077,06/05/1998,12,2
11077,06/05/1998,13,4
11077,06/05/1998,14,1
11077,06/05/1998,16,2
11077,06/05/1998,20,1
11077,06/05/1998,23,2
11077,06/05/1998,32,1
11077,06/05/1998,39,2
11077,06/05/1998,41,3
11077,06/05/1998,46,3
11077,06/05/1998,52,2
11077,06/05/1998,55,2
11077,06/05/1998,60,2
11077,06/05/1998,64,2
11077,06/05/1998,66,1
11077,06/05/1998,73,2
11077,06/05/1998,75,4
11077,06/05/1998,77,2

